{
  "test_loss": 0.033916834741830826,
  "test_accuracy": 0.9902,
  "precision_macro": 0.9902005539138704,
  "recall_macro": 0.9900474042160894,
  "f1_macro": 0.9901081228554707,
  "per_class_report": {
    "0": {
      "precision": 0.9868686868686869,
      "recall": 0.996938775510204,
      "f1-score": 0.9918781725888325,
      "support": 980.0
    },
    "1": {
      "precision": 0.9895196506550218,
      "recall": 0.9982378854625551,
      "f1-score": 0.993859649122807,
      "support": 1135.0
    },
    "2": {
      "precision": 0.9903567984570878,
      "recall": 0.9951550387596899,
      "f1-score": 0.9927501208313195,
      "support": 1032.0
    },
    "3": {
      "precision": 0.9882005899705014,
      "recall": 0.995049504950495,
      "f1-score": 0.9916132215096202,
      "support": 1010.0
    },
    "4": {
      "precision": 0.9959058341862845,
      "recall": 0.9908350305498982,
      "f1-score": 0.9933639612046963,
      "support": 982.0
    },
    "5": {
      "precision": 0.9854910714285714,
      "recall": 0.9899103139013453,
      "f1-score": 0.9876957494407159,
      "support": 892.0
    },
    "6": {
      "precision": 0.9947368421052631,
      "recall": 0.9864300626304802,
      "f1-score": 0.9905660377358491,
      "support": 958.0
    },
    "7": {
      "precision": 0.9892996108949417,
      "recall": 0.9892996108949417,
      "f1-score": 0.9892996108949417,
      "support": 1028.0
    },
    "8": {
      "precision": 0.9906444906444907,
      "recall": 0.9784394250513347,
      "f1-score": 0.984504132231405,
      "support": 974.0
    },
    "9": {
      "precision": 0.9909819639278558,
      "recall": 0.9801783944499505,
      "f1-score": 0.9855505729945192,
      "support": 1009.0
    },
    "accuracy": 0.9902,
    "macro avg": {
      "precision": 0.9902005539138704,
      "recall": 0.9900474042160894,
      "f1-score": 0.9901081228554707,
      "support": 10000.0
    },
    "weighted avg": {
      "precision": 0.9902150923615683,
      "recall": 0.9902,
      "f1-score": 0.9901916624814012,
      "support": 10000.0
    }
  }
}